TIME,    0.000,    0.025,    0.050,    0.075,    0.100,    0.125,    0.150,    0.175,    0.200,    0.225,    0.250,    0.275,    0.300,    0.325,    0.350,    0.375,    0.400,    0.425,    0.450,    0.475,    0.500,    0.525,    0.550,    0.575,    0.600,    0.625,    0.650,    0.675,    0.700,    0.725,    0.750,    0.775,    0.800,    0.825,    0.850,    0.875,    0.900,    0.925,    0.950,    0.975,    1.000,    1.025,    1.050,    1.075,    1.100,    1.125,    1.150,    1.175,    1.200,    1.225,    1.250,    1.275,    1.300,    1.325,    1.350,    1.375,    1.400,    1.425,    1.450,    1.475,    1.500,    1.525,    1.550,    1.575,    1.600,    1.625,    1.650,    1.675,    1.700,    1.725,    1.750,    1.775,    1.800,    1.825,    1.850,    1.875,    1.900,    1.925,    1.950,    1.975,    2.000,    2.025,    2.050,    2.075,    2.100,    2.125,    2.150,    2.175,    2.200,    2.225,    2.250,    2.275,    2.300,    2.325,    2.350,    2.375,    2.400,    2.425,    2.450,    2.475,    2.500,    2.525,    2.550,    2.575,    2.600,    2.625,    2.650,    2.675,    2.700,    2.725,    2.750,    2.775,    2.800,    2.825,    2.850,    2.875,    2.900,    2.925,    2.950,    2.975,    3.000,    3.025,    3.050,    3.075,    3.100,    3.125,    3.150,    3.175,    3.200,    3.225,    3.250,    3.275,    3.300,    3.325,    3.350,    3.375,    3.400,    3.425,    3.450,    3.475,    3.500, 
TIB_MED_FORCE, 2247.264, 2138.765, 2155.841, 2162.512, 2117.031, 2116.444, 2082.711, 2064.082, 2070.418, 2032.154, 2036.265, 2023.762, 2036.391, 2007.567, 1999.134, 1990.197, 1920.256, 1974.212, 1912.117, 1881.027, 1845.994, 1825.854, 1767.283, 1790.401, 1766.948, 1736.488, 1750.837, 1729.397, 1694.238, 1664.239, 1704.643, 1711.314, 1708.335, 1689.077, 1693.860, 1713.873, 1721.929, 1748.319, 1742.445, 1799.044, 1752.934, 1796.527, 1792.541, 1822.834, 1805.925, 1819.855, 1847.882, 1872.720, 1888.999, 1910.103, 1927.766, 1927.095, 1987.470, 1972.408, 1966.366, 2058.418, 2023.007, 2034.419, 2072.851, 2070.250, 2088.291, 2109.815, 2120.514, 2128.024, 2079.438, 2107.255, 2127.353, 2133.394, 2097.731, 2097.060, 2097.605, 2087.956, 2098.654, 2069.830, 2081.914, 2050.531, 2049.901, 2034.587, 2018.434, 1990.575, 1936.158, 1966.324, 1940.018, 1928.689, 1887.950, 1858.874, 1817.547, 1822.204, 1844.651, 1769.214, 1757.466, 1732.376, 1721.551, 1708.125, 1666.672, 1706.740, 1658.407, 1600.172, 1566.606, 1561.110, 1511.056, 1508.287, 1480.974, 1455.926, 1441.912, 1420.347, 1395.551, 1375.160, 1344.867, 1375.915, 1351.413, 1337.903, 1361.482, 1285.331, 1268.591, 1256.843, 1250.969, 1253.109, 1234.564, 1231.543, 1251.137, 1235.445, 1249.249, 1250.508, 1250.382, 1265.109, 1284.492, 1289.191, 1305.428, 1323.889, 1347.553, 1390.054, 1376.754, 1407.886, 1505.770, 1383.803, 1448.709, 1481.477, 1508.161, 1532.244, 1538.160, 
TIB_LAT_FORCE, 1408.285, 1221.006, 1285.643, 1309.917, 1271.401, 1245.165, 1244.300, 1263.040, 1267.076, 1258.197, 1249.893, 1252.604, 1263.386, 1260.388, 1251.047, 1264.078, 1255.486, 1275.783, 1273.649, 1293.773, 1300.519, 1315.510, 1327.619, 1304.209, 1311.071, 1332.866, 1352.701, 1338.863, 1350.510, 1378.706, 1373.113, 1421.720, 1378.014, 1391.506, 1417.684, 1413.302, 1434.405, 1428.754, 1470.154, 1464.965, 1472.691, 1471.250, 1465.945, 1504.116, 1488.548, 1543.209, 1518.473, 1530.697, 1541.710, 1547.476, 1562.064, 1574.749, 1565.985, 1553.127, 1562.352, 1568.868, 1577.805, 1574.346, 1565.639, 1553.992, 1564.198, 1559.354, 1566.562, 1566.100, 1573.250, 1586.570, 1571.347, 1591.990, 1608.077, 1607.558, 1602.022, 1605.136, 1601.042, 1602.080, 1618.859, 1613.266, 1582.245, 1619.320, 1587.665, 1581.726, 1590.490, 1577.748, 1558.086, 1554.914, 1560.334, 1530.178, 1517.435, 1495.352, 1478.630, 1473.153, 1415.377, 1392.140, 1398.714, 1366.193, 1338.171, 1397.618, 1345.494, 1307.784, 1281.203, 1279.761, 1235.651, 1236.747, 1236.632, 1210.627, 1191.715, 1167.151, 1163.461, 1157.234, 1119.409, 1110.241, 1098.594, 1062.037, 1061.980, 1032.919, 1026.231, 1016.486, 1029.517, 1017.985,  999.995,  987.137, 1000.687, 1023.694, 1024.155, 1013.892, 1016.025, 1023.867, 1035.456, 1061.807, 1073.685, 1071.897, 1090.925, 1109.492, 1143.684, 1129.211, 1185.199, 1183.469, 1197.711, 1218.584, 1244.819, 1264.885, 1271.055, 
TIB_TOT_FORCE, 3629.339, 3359.574, 3444.141, 3471.983, 3388.739, 3361.377, 3328.755, 3327.928, 3340.087, 3293.899, 3284.552, 3276.910, 3298.763, 3270.607, 3249.200, 3254.444, 3176.362, 3248.142, 3186.585, 3174.642, 3147.445, 3140.497, 3097.006, 3092.093, 3077.767, 3070.322, 3101.638, 3066.038, 3044.317, 3044.449, 3080.215, 3129.976, 3085.823, 3080.612, 3110.538, 3127.197, 3157.569, 3174.724, 3210.622, 3265.131, 3224.535, 3269.019, 3257.422, 3326.240, 3294.693, 3361.444, 3367.085, 3403.529, 3430.990, 3456.714, 3489.882, 3501.380, 3555.591, 3525.665, 3529.618, 3626.874, 3601.778, 3609.024, 3638.305, 3624.905, 3653.078, 3669.753, 3687.553, 3693.492, 3652.598, 3696.519, 3700.142, 3723.898, 3704.013, 3704.460, 3699.563, 3693.360, 3699.778, 3672.201, 3699.050, 3663.516, 3632.912, 3652.449, 3608.693, 3574.367, 3526.161, 3543.266, 3500.486, 3482.852, 3447.301, 3388.425, 3333.585, 3315.339, 3321.757, 3242.980, 3171.945, 3124.947, 3118.710, 3072.738, 3004.912, 3103.143, 3002.281, 2903.835, 2846.911, 2838.292, 2746.661, 2745.073, 2715.048, 2668.397, 2632.300, 2586.625, 2559.429, 2529.255, 2464.423, 2488.808, 2451.536, 2400.816, 2425.382, 2316.927, 2297.076, 2274.561, 2280.252, 2270.210, 2234.329, 2219.043, 2251.302, 2259.126, 2275.521, 2263.213, 2266.389, 2286.918, 2319.905, 2349.401, 2379.277, 2394.133, 2440.271, 2499.908, 2519.627, 2538.469, 2691.458, 2567.006, 2649.852, 2700.275, 2753.576, 2796.703, 2807.555, 
QUAD_FORCE, 1388.889, 1144.467, 1334.350, 1381.684, 1332.301, 1297.081, 1290.120, 1310.217, 1330.835, 1325.718, 1334.323, 1340.308, 1354.421, 1369.778, 1369.574, 1383.640, 1396.335, 1393.878, 1404.898, 1409.729, 1413.780, 1425.919, 1433.114, 1457.485, 1469.469, 1490.087, 1512.891, 1537.452, 1562.130, 1584.490, 1623.638, 1654.166, 1681.812, 1745.705, 1797.066, 1831.711, 1872.373, 1938.166, 2010.342, 2084.364, 2132.043, 2189.608, 2226.888, 2300.539, 2376.943, 2443.614, 2503.839, 2572.139, 2641.695, 2721.133, 2784.461, 2853.927, 2932.785, 3007.029, 3069.913, 3129.055, 3190.802, 3254.691, 3323.011, 3390.190, 3453.162, 3525.807, 3602.605, 3653.599, 3715.186, 3777.390, 3822.497, 3861.977, 3936.531, 3999.925, 4023.227, 4048.639, 4096.082, 4191.927, 4234.969, 4217.395, 4265.127, 4297.819, 4307.973, 4296.155, 4354.948, 4372.218, 4323.699, 4318.679, 4304.526, 4270.163, 4305.408, 4274.312, 4230.520, 4239.387, 4208.945, 4141.588, 4123.518, 4107.336, 4046.085, 4043.202, 4049.888, 3972.681, 3962.871, 3934.587, 3873.757, 3868.848, 3807.496, 3789.288, 3750.742, 3700.514, 3678.457, 3681.847, 3657.721, 3630.422, 3588.234, 3506.644, 3449.648, 3427.115, 3409.581, 3366.582, 3337.303, 3327.831, 3326.186, 3317.310, 3238.562, 3304.678, 3355.420, 3391.804, 3402.935, 3440.280, 3493.725, 3582.585, 3645.361, 3672.801, 3700.046, 3751.296, 3788.999, 3802.293, 3855.472, 3858.347, 3932.756, 4024.818, 4046.322, 4058.677, 4072.608, 
HAMS_FORCE, 1417.078, 1468.721, 1433.049, 1403.016, 1412.537, 1432.111, 1436.716, 1430.571, 1421.819, 1421.948, 1424.482, 1426.010, 1425.589, 1424.350, 1426.418, 1427.806, 1427.457, 1429.797, 1430.562, 1431.460, 1431.740, 1430.633, 1430.822, 1430.776, 1430.949, 1428.907, 1428.902, 1427.605, 1427.772, 1428.105, 1426.175, 1425.277, 1424.832, 1423.929, 1420.560, 1420.009, 1420.885, 1420.764, 1418.267, 1416.497, 1416.871, 1417.261, 1418.559, 1417.654, 1415.495, 1414.091, 1415.009, 1414.478, 1414.433, 1413.563, 1413.452, 1413.260, 1412.910, 1412.456, 1412.347, 1413.482, 1413.634, 1413.296, 1412.780, 1412.388, 1412.047, 1412.103, 1410.899, 1411.134, 1412.803, 1413.272, 1412.797, 1414.076, 1413.272, 1411.609, 1412.245, 1415.074, 1414.994, 1412.028, 1410.507, 1415.024, 1416.546, 1415.542, 1415.134, 1417.764, 1416.994, 1414.401, 1418.395, 1420.908, 1420.410, 1421.203, 1418.817, 1417.861, 1420.730, 1420.623, 1419.724, 1422.535, 1423.307, 1421.242, 1421.558, 1422.258, 1418.942, 1420.351, 1422.361, 1420.939, 1422.828, 1421.919, 1422.074, 1422.408, 1421.397, 1422.296, 1422.653, 1420.150, 1419.054, 1420.208, 1421.467, 1424.312, 1425.761, 1424.132, 1421.439, 1421.178, 1421.675, 1420.894, 1419.253, 1418.444, 1418.164, 1420.316, 1415.979, 1413.318, 1413.918, 1414.887, 1413.931, 1411.259, 1409.014, 1411.132, 1414.032, 1414.561, 1413.158, 1414.869, 1414.486, 1415.367, 1414.623, 1410.211, 1409.947, 1414.173, 1416.472, 
ACLam_TOT_FORCE,  229.273,  205.159,  202.507,  210.656,  212.210,  207.097,  196.374,  190.757,  188.193,  184.897,  179.448,  172.157,  165.482,  159.480,  152.617,  144.787,  137.151,  129.476,  121.432,  112.871,  103.358,   94.661,   84.999,   74.478,   66.318,   56.669,   48.601,   41.927,   34.324,   27.901,   23.012,   17.619,   12.094,    8.792,    6.436,    3.993,    2.225,    0.894,   -0.077,   -0.662,   -0.993,   -1.168,   -0.909,   -0.913,   -0.886,   -0.852,   -0.762,   -0.800,   -0.847,   -0.806,   -0.788,   -0.730,   -0.555,   -0.722,   -0.719,   -0.563,   -0.662,   -0.572,   -0.539,   -0.634,   -0.417,   -0.556,   -0.507,   -0.286,   -0.385,   -0.531,   -0.623,   -0.489,   -0.263,   -0.423,   -0.547,   -0.577,   -0.391,   -0.311,   -0.443,   -0.558,   -0.482,   -0.301,   -0.504,   -0.294,   -0.280,   -0.459,   -0.381,   -0.483,   -0.415,   -0.427,   -0.363,   -0.311,   -0.426,   -0.478,   -0.255,   -0.400,   -0.402,   -0.317,   -0.359,   -0.506,   -0.283,   -0.321,   -0.418,   -0.207,   -0.270,   -0.247,   -0.195,   -0.341,   -0.202,   -0.315,   -0.139,   -0.189,   -0.148,   -0.137,   -0.134,   -0.157,   -0.145,   -0.024,    0.021,   -0.038,   -0.092,   -0.120,   -0.037,   -0.046,   -0.070,   -0.083,    0.052,    0.053,    0.111,    0.092,    0.123,    0.144,    0.165,    0.065,    0.027,    0.063,    0.113,    0.127,    0.264,    0.217,    0.169,    0.313,    0.192,    0.039,    0.122, 
ACL_pm_TOT_FORCE,   -0.029,    0.094,   -0.374,    0.068,   -0.157,   -0.466,   -0.435,   -0.248,   -0.245,   -0.240,   -0.422,   -0.474,   -0.412,   -0.449,   -0.487,   -0.531,   -0.592,   -0.496,   -0.684,   -0.767,   -0.659,   -0.686,   -0.819,   -0.920,   -0.979,   -0.925,   -0.751,   -0.979,   -1.017,   -0.890,   -0.997,   -1.117,   -1.077,   -1.296,   -1.050,   -0.917,   -1.024,   -1.100,   -1.189,   -1.269,   -1.429,   -1.558,   -1.317,   -1.308,   -1.288,   -1.203,   -1.119,   -1.145,   -1.186,   -1.102,   -1.074,   -0.996,   -0.833,   -0.948,   -0.944,   -0.776,   -0.832,   -0.774,   -0.728,   -0.775,   -0.591,   -0.690,   -0.634,   -0.455,   -0.568,   -0.608,   -0.664,   -0.521,   -0.417,   -0.497,   -0.553,   -0.523,   -0.471,   -0.352,   -0.430,   -0.494,   -0.487,   -0.343,   -0.463,   -0.304,   -0.303,   -0.373,   -0.393,   -0.425,   -0.373,   -0.347,   -0.306,   -0.261,   -0.288,   -0.355,   -0.218,   -0.299,   -0.301,   -0.282,   -0.273,   -0.347,   -0.257,   -0.317,   -0.278,   -0.197,   -0.230,   -0.222,   -0.184,   -0.262,   -0.167,   -0.206,   -0.126,   -0.121,   -0.092,   -0.142,   -0.145,   -0.139,   -0.113,   -0.060,   -0.022,   -0.049,   -0.064,   -0.069,   -0.009,   -0.014,   -0.026,   -0.031,    0.017,    0.031,    0.069,    0.070,    0.090,    0.149,    0.115,    0.100,    0.082,    0.074,    0.089,    0.059,    0.193,    0.184,    0.138,    0.213,    0.176,    0.114,    0.165, 
KNEE_ML,    0.887,    0.920,    0.978,    0.969,    0.999,    1.014,    1.059,    1.091,    1.131,    1.161,    1.191,    1.217,    1.247,    1.275,    1.322,    1.375,    1.417,    1.471,    1.544,    1.596,    1.647,    1.708,    1.773,    1.833,    1.918,    1.994,    2.095,    2.201,    2.273,    2.390,    2.490,    2.530,    2.596,    2.641,    2.682,    2.734,    2.778,    2.837,    2.896,    2.918,    2.922,    2.926,    2.954,    2.958,    2.975,    2.987,    2.999,    3.030,    3.027,    3.033,    3.032,    3.043,    3.051,    3.055,    3.052,    3.060,    3.070,    3.072,    3.081,    3.086,    3.094,    3.097,    3.107,    3.109,    3.090,    3.085,    3.091,    3.114,    3.107,    3.091,    3.101,    3.119,    3.130,    3.120,    3.123,    3.136,    3.151,    3.136,    3.140,    3.143,    3.145,    3.149,    3.147,    3.137,    3.133,    3.132,    3.138,    3.135,    3.133,    3.150,    3.139,    3.138,    3.146,    3.140,    3.136,    3.137,    3.124,    3.104,    3.095,    3.087,    3.077,    3.065,    3.048,    3.036,    3.022,    3.015,    3.006,    3.000,    3.001,    2.987,    2.972,    2.963,    2.951,    2.943,    2.934,    2.929,    2.924,    2.920,    2.917,    2.915,    2.914,    2.914,    2.913,    2.914,    2.916,    2.919,    2.924,    2.929,    2.936,    2.946,    2.957,    2.962,    2.966,    2.966,    2.963,    2.969,    2.970,    2.975,    2.981,    2.994,    3.008, 
KNEE_FE,   -0.001,    0.004,    0.014,    0.023,    0.029,    0.033,    0.038,    0.044,    0.050,    0.056,    0.062,    0.069,    0.076,    0.085,    0.093,    0.103,    0.114,    0.126,    0.138,    0.152,    0.166,    0.182,    0.198,    0.215,    0.234,    0.253,    0.272,    0.293,    0.314,    0.335,    0.358,    0.380,    0.403,    0.427,    0.451,    0.475,    0.499,    0.523,    0.548,    0.573,    0.598,    0.622,    0.646,    0.671,    0.695,    0.719,    0.743,    0.766,    0.789,    0.812,    0.834,    0.856,    0.877,    0.899,    0.919,    0.939,    0.959,    0.978,    0.997,    1.015,    1.032,    1.050,    1.067,    1.083,    1.098,    1.114,    1.129,    1.143,    1.157,    1.171,    1.184,    1.197,    1.209,    1.221,    1.233,    1.245,    1.256,    1.267,    1.277,    1.288,    1.298,    1.309,    1.318,    1.328,    1.338,    1.347,    1.357,    1.366,    1.375,    1.384,    1.393,    1.402,    1.411,    1.420,    1.428,    1.437,    1.445,    1.454,    1.462,    1.470,    1.478,    1.485,    1.493,    1.500,    1.507,    1.514,    1.520,    1.527,    1.533,    1.538,    1.543,    1.548,    1.552,    1.556,    1.559,    1.562,    1.564,    1.566,    1.567,    1.567,    1.567,    1.567,    1.567,    1.566,    1.564,    1.562,    1.559,    1.556,    1.553,    1.548,    1.544,    1.538,    1.533,    1.527,    1.521,    1.514,    1.508,    1.501,    1.494,    1.486,    1.478, 
KNEE_AP,   -1.391,   -1.750,   -1.796,   -1.662,   -1.640,   -1.712,   -1.877,   -1.966,   -2.014,   -2.067,   -2.149,   -2.265,   -2.379,   -2.470,   -2.574,   -2.704,   -2.829,   -2.945,   -3.084,   -3.230,   -3.390,   -3.539,   -3.709,   -3.900,   -4.078,   -4.285,   -4.466,   -4.638,   -4.840,   -5.035,   -5.208,   -5.392,   -5.621,   -5.802,   -5.968,   -6.131,   -6.338,   -6.543,   -6.731,   -6.898,   -7.083,   -7.332,   -7.604,   -7.832,   -8.043,   -8.259,   -8.448,   -8.649,   -8.816,   -8.989,   -9.155,   -9.301,   -9.424,   -9.505,   -9.622,   -9.724,   -9.818,   -9.913,   -9.998,  -10.074,  -10.139,  -10.196,  -10.288,  -10.331,  -10.358,  -10.394,  -10.501,  -10.585,  -10.601,  -10.598,  -10.687,  -10.790,  -10.883,  -10.900,  -10.950,  -11.037,  -11.126,  -11.130,  -11.168,  -11.224,  -11.250,  -11.287,  -11.342,  -11.393,  -11.452,  -11.493,  -11.537,  -11.559,  -11.626,  -11.703,  -11.723,  -11.731,  -11.787,  -11.806,  -11.829,  -11.902,  -11.924,  -11.900,  -11.919,  -11.922,  -11.910,  -11.917,  -11.894,  -11.897,  -11.898,  -11.895,  -11.888,  -11.875,  -11.877,  -11.855,  -11.851,  -11.847,  -11.841,  -11.820,  -11.785,  -11.758,  -11.751,  -11.764,  -11.777,  -11.784,  -11.797,  -11.831,  -11.829,  -11.825,  -11.823,  -11.825,  -11.826,  -11.826,  -11.820,  -11.834,  -11.871,  -11.901,  -11.933,  -11.953,  -11.960,  -11.972,  -11.981,  -11.986,  -11.979,  -12.020,  -12.083, 
KNEE_VV,    0.001,    0.003,    0.003,    0.003,    0.003,    0.004,    0.004,    0.005,    0.005,    0.006,    0.006,    0.007,    0.007,    0.008,    0.009,    0.009,    0.010,    0.011,    0.012,    0.013,    0.014,    0.015,    0.016,    0.017,    0.018,    0.019,    0.020,    0.022,    0.023,    0.024,    0.025,    0.027,    0.028,    0.029,    0.030,    0.032,    0.033,    0.035,    0.036,    0.037,    0.038,    0.039,    0.040,    0.040,    0.041,    0.041,    0.041,    0.041,    0.042,    0.042,    0.042,    0.043,    0.043,    0.043,    0.044,    0.044,    0.044,    0.045,    0.045,    0.045,    0.046,    0.046,    0.046,    0.046,    0.047,    0.047,    0.047,    0.047,    0.048,    0.048,    0.048,    0.048,    0.049,    0.049,    0.049,    0.049,    0.049,    0.050,    0.050,    0.050,    0.050,    0.050,    0.050,    0.050,    0.051,    0.051,    0.051,    0.051,    0.051,    0.051,    0.052,    0.052,    0.052,    0.053,    0.053,    0.053,    0.053,    0.053,    0.054,    0.054,    0.054,    0.054,    0.055,    0.055,    0.055,    0.055,    0.055,    0.055,    0.055,    0.056,    0.056,    0.056,    0.056,    0.056,    0.056,    0.056,    0.056,    0.056,    0.056,    0.056,    0.056,    0.057,    0.056,    0.056,    0.056,    0.056,    0.056,    0.056,    0.056,    0.056,    0.056,    0.056,    0.056,    0.055,    0.055,    0.055,    0.055,    0.055,    0.055,    0.054,    0.054, 
KNEE_SI,    0.146,    0.130,    0.198,    0.286,    0.326,    0.347,    0.360,    0.389,    0.423,    0.455,    0.486,    0.515,    0.548,    0.591,    0.634,    0.679,    0.729,    0.787,    0.842,    0.902,    0.965,    1.032,    1.099,    1.169,    1.236,    1.305,    1.379,    1.452,    1.524,    1.592,    1.666,    1.739,    1.800,    1.865,    1.935,    2.003,    2.060,    2.119,    2.170,    2.225,    2.267,    2.299,    2.317,    2.339,    2.360,    2.375,    2.389,    2.395,    2.406,    2.410,    2.413,    2.412,    2.413,    2.413,    2.411,    2.403,    2.394,    2.387,    2.377,    2.366,    2.358,    2.347,    2.332,    2.327,    2.322,    2.315,    2.299,    2.283,    2.281,    2.281,    2.266,    2.248,    2.234,    2.234,    2.225,    2.209,    2.195,    2.195,    2.188,    2.179,    2.173,    2.166,    2.155,    2.149,    2.143,    2.135,    2.128,    2.122,    2.109,    2.100,    2.099,    2.095,    2.087,    2.084,    2.078,    2.069,    2.069,    2.068,    2.067,    2.064,    2.061,    2.060,    2.059,    2.058,    2.055,    2.052,    2.050,    2.046,    2.041,    2.041,    2.036,    2.031,    2.028,    2.027,    2.028,    2.026,    2.025,    2.023,    2.022,    2.021,    2.020,    2.018,    2.020,    2.022,    2.022,    2.024,    2.026,    2.030,    2.034,    2.035,    2.036,    2.037,    2.039,    2.040,    2.045,    2.042,    2.045,    2.050,    2.050,    2.050,    2.046, 
KNEE_IE,   -0.025,   -0.036,   -0.032,   -0.024,   -0.021,   -0.021,   -0.024,   -0.023,   -0.022,   -0.020,   -0.020,   -0.019,   -0.016,   -0.014,   -0.013,   -0.011,   -0.008,   -0.007,   -0.004,   -0.001,    0.003,    0.007,    0.010,    0.012,    0.016,    0.020,    0.023,    0.026,    0.029,    0.031,    0.033,    0.034,    0.034,    0.035,    0.036,    0.035,    0.035,    0.032,    0.033,    0.033,    0.034,    0.032,    0.031,    0.031,    0.030,    0.030,    0.029,    0.030,    0.027,    0.026,    0.024,    0.021,    0.020,    0.020,    0.015,    0.015,    0.014,    0.011,    0.011,    0.010,    0.008,    0.009,    0.008,    0.006,    0.007,    0.007,    0.006,    0.004,    0.003,    0.004,    0.003,    0.002,   -0.001,   -0.001,   -0.002,   -0.002,   -0.004,   -0.005,   -0.006,   -0.007,   -0.006,   -0.007,   -0.008,   -0.010,   -0.012,   -0.013,   -0.014,   -0.015,   -0.017,   -0.019,   -0.021,   -0.023,   -0.025,   -0.027,   -0.029,   -0.032,   -0.034,   -0.035,   -0.039,   -0.040,   -0.042,   -0.044,   -0.045,   -0.047,   -0.048,   -0.050,   -0.052,   -0.053,   -0.055,   -0.056,   -0.056,   -0.057,   -0.059,   -0.059,   -0.060,   -0.060,   -0.061,   -0.062,   -0.063,   -0.063,   -0.064,   -0.065,   -0.065,   -0.064,   -0.063,   -0.062,   -0.061,   -0.060,   -0.059,   -0.058,   -0.058,   -0.058,   -0.057,   -0.057,   -0.055,   -0.054,   -0.053,   -0.051,   -0.049,   -0.049,   -0.048, 
PATFEM_ML,   -4.523,   -3.978,   -3.976,   -3.958,   -3.780,   -3.611,   -3.466,   -3.368,   -3.275,   -3.127,   -2.967,   -2.813,   -2.651,   -2.498,   -2.345,   -2.178,   -2.061,   -1.974,   -1.928,   -1.860,   -1.792,   -1.723,   -1.630,   -1.549,   -1.475,   -1.394,   -1.290,   -1.188,   -1.104,   -0.988,   -0.917,   -0.870,   -0.802,   -0.757,   -0.718,   -0.712,   -0.706,   -0.709,   -0.730,   -0.761,   -0.785,   -0.820,   -0.862,   -0.916,   -0.971,   -1.042,   -1.101,   -1.144,   -1.198,   -1.248,   -1.278,   -1.330,   -1.336,   -1.375,   -1.381,   -1.399,   -1.415,   -1.419,   -1.414,   -1.418,   -1.425,   -1.424,   -1.425,   -1.432,   -1.432,   -1.438,   -1.440,   -1.443,   -1.461,   -1.461,   -1.459,   -1.466,   -1.472,   -1.481,   -1.494,   -1.492,   -1.498,   -1.511,   -1.509,   -1.516,   -1.515,   -1.519,   -1.514,   -1.511,   -1.516,   -1.515,   -1.511,   -1.505,   -1.500,   -1.508,   -1.513,   -1.504,   -1.506,   -1.499,   -1.499,   -1.505,   -1.507,   -1.518,   -1.512,   -1.503,   -1.503,   -1.504,   -1.499,   -1.500,   -1.507,   -1.508,   -1.509,   -1.510,   -1.517,   -1.510,   -1.510,   -1.505,   -1.504,   -1.499,   -1.498,   -1.496,   -1.493,   -1.493,   -1.487,   -1.489,   -1.492,   -1.490,   -1.494,   -1.495,   -1.493,   -1.492,   -1.493,   -1.505,   -1.511,   -1.507,   -1.508,   -1.516,   -1.529,   -1.528,   -1.516,   -1.524,   -1.527,   -1.530,   -1.527,   -1.527,   -1.533, 
PATFEM_FE,    0.122,    0.129,    0.136,    0.137,    0.140,    0.142,    0.147,    0.151,    0.154,    0.158,    0.161,    0.166,    0.170,    0.175,    0.181,    0.188,    0.195,    0.203,    0.212,    0.222,    0.233,    0.242,    0.255,    0.269,    0.282,    0.296,    0.310,    0.325,    0.340,    0.355,    0.372,    0.388,    0.405,    0.421,    0.438,    0.453,    0.468,    0.484,    0.501,    0.517,    0.532,    0.549,    0.566,    0.582,    0.598,    0.614,    0.630,    0.646,    0.662,    0.677,    0.693,    0.709,    0.723,    0.738,    0.754,    0.767,    0.782,    0.796,    0.809,    0.822,    0.834,    0.847,    0.859,    0.872,    0.883,    0.893,    0.906,    0.916,    0.926,    0.936,    0.947,    0.957,    0.966,    0.975,    0.984,    0.994,    1.002,    1.010,    1.018,    1.027,    1.033,    1.041,    1.050,    1.058,    1.066,    1.074,    1.081,    1.088,    1.096,    1.103,    1.112,    1.118,    1.126,    1.134,    1.141,    1.149,    1.156,    1.163,    1.169,    1.175,    1.181,    1.188,    1.194,    1.201,    1.207,    1.213,    1.217,    1.222,    1.227,    1.231,    1.236,    1.240,    1.244,    1.248,    1.250,    1.252,    1.254,    1.256,    1.257,    1.257,    1.257,    1.258,    1.257,    1.255,    1.253,    1.250,    1.247,    1.243,    1.239,    1.235,    1.232,    1.228,    1.226,    1.221,    1.216,    1.210,    1.203,    1.197,    1.191,    1.186,    1.181, 
PATFEM_AP,   -2.812,   -2.983,   -2.990,   -2.991,   -3.022,   -3.068,   -3.123,   -3.157,   -3.175,   -3.225,   -3.276,   -3.328,   -3.387,   -3.430,   -3.472,   -3.535,   -3.565,   -3.568,   -3.566,   -3.582,   -3.605,   -3.602,   -3.653,   -3.697,   -3.748,   -3.807,   -3.892,   -3.980,   -4.083,   -4.220,   -4.360,   -4.518,   -4.695,   -4.864,   -5.065,   -5.253,   -5.470,   -5.706,   -5.950,   -6.201,   -6.456,   -6.751,   -7.051,   -7.351,   -7.654,   -7.959,   -8.285,   -8.605,   -8.923,   -9.243,   -9.577,   -9.909,  -10.214,  -10.525,  -10.854,  -11.145,  -11.455,  -11.759,  -12.034,  -12.317,  -12.574,  -12.848,  -13.097,  -13.368,  -13.597,  -13.816,  -14.067,  -14.292,  -14.496,  -14.707,  -14.919,  -15.123,  -15.321,  -15.503,  -15.674,  -15.868,  -16.039,  -16.202,  -16.368,  -16.539,  -16.669,  -16.834,  -16.992,  -17.149,  -17.315,  -17.465,  -17.594,  -17.741,  -17.892,  -18.033,  -18.190,  -18.319,  -18.466,  -18.609,  -18.745,  -18.889,  -19.026,  -19.162,  -19.285,  -19.398,  -19.515,  -19.642,  -19.755,  -19.877,  -19.989,  -20.093,  -20.186,  -20.273,  -20.372,  -20.450,  -20.525,  -20.606,  -20.677,  -20.735,  -20.778,  -20.824,  -20.852,  -20.885,  -20.904,  -20.914,  -20.914,  -20.921,  -20.908,  -20.882,  -20.847,  -20.800,  -20.745,  -20.684,  -20.608,  -20.540,  -20.483,  -20.410,  -20.357,  -20.262,  -20.168,  -20.052,  -19.934,  -19.826,  -19.706,  -19.607,  -19.504, 
PATFEM_VV,   -0.017,   -0.018,   -0.019,   -0.018,   -0.019,   -0.018,   -0.019,   -0.019,   -0.019,   -0.019,   -0.019,   -0.019,   -0.019,   -0.019,   -0.018,   -0.018,   -0.017,   -0.015,   -0.013,   -0.012,   -0.011,   -0.009,   -0.007,   -0.003,   -0.002,   -0.001,    0.002,    0.003,    0.005,    0.007,    0.009,    0.010,    0.011,    0.013,    0.014,    0.015,    0.017,    0.018,    0.020,    0.021,    0.022,    0.022,    0.024,    0.025,    0.026,    0.027,    0.026,    0.028,    0.029,    0.028,    0.029,    0.027,    0.028,    0.027,    0.027,    0.027,    0.026,    0.026,    0.027,    0.026,    0.026,    0.025,    0.025,    0.025,    0.024,    0.025,    0.024,    0.024,    0.023,    0.023,    0.022,    0.022,    0.022,    0.021,    0.021,    0.021,    0.020,    0.020,    0.020,    0.019,    0.019,    0.018,    0.018,    0.018,    0.017,    0.016,    0.017,    0.017,    0.017,    0.017,    0.016,    0.017,    0.016,    0.016,    0.016,    0.015,    0.015,    0.013,    0.013,    0.014,    0.013,    0.013,    0.014,    0.013,    0.012,    0.012,    0.012,    0.011,    0.010,    0.010,    0.010,    0.011,    0.011,    0.011,    0.011,    0.011,    0.012,    0.012,    0.011,    0.012,    0.012,    0.012,    0.012,    0.013,    0.013,    0.013,    0.013,    0.012,    0.012,    0.012,    0.012,    0.011,    0.010,    0.010,    0.013,    0.013,    0.013,    0.013,    0.014,    0.014,    0.014, 
PATFEM_SI,    9.019,    8.725,    8.719,    8.636,    8.479,    8.347,    8.265,    8.205,    8.105,    8.003,    7.871,    7.764,    7.645,    7.506,    7.358,    7.228,    7.102,    6.968,    6.845,    6.732,    6.614,    6.414,    6.327,    6.198,    6.049,    5.849,    5.685,    5.484,    5.261,    5.066,    4.852,    4.639,    4.392,    4.092,    3.822,    3.485,    3.180,    2.872,    2.558,    2.232,    1.878,    1.584,    1.274,    0.976,    0.668,    0.356,    0.115,   -0.137,   -0.420,   -0.667,   -0.871,   -1.074,   -1.312,   -1.502,   -1.654,   -1.869,   -1.997,   -2.139,   -2.318,   -2.454,   -2.642,   -2.725,   -2.891,   -2.932,   -3.067,   -3.207,   -3.249,   -3.355,   -3.460,   -3.508,   -3.577,   -3.651,   -3.734,   -3.800,   -3.901,   -3.912,   -4.002,   -4.067,   -4.129,   -4.154,   -4.284,   -4.313,   -4.356,   -4.392,   -4.401,   -4.447,   -4.549,   -4.596,   -4.633,   -4.679,   -4.676,   -4.758,   -4.779,   -4.809,   -4.853,   -4.876,   -4.905,   -4.916,   -4.973,   -5.063,   -5.117,   -5.129,   -5.167,   -5.172,   -5.189,   -5.238,   -5.289,   -5.347,   -5.369,   -5.398,   -5.425,   -5.423,   -5.431,   -5.456,   -5.493,   -5.502,   -5.536,   -5.533,   -5.542,   -5.547,   -5.551,   -5.550,   -5.563,   -5.580,   -5.598,   -5.617,   -5.636,   -5.646,   -5.672,   -5.656,   -5.585,   -5.553,   -5.427,   -5.420,   -5.374,   -5.393,   -5.407,   -5.366,   -5.354,   -5.270,   -5.199, 
PATFEM_IE,   -0.058,   -0.051,   -0.045,   -0.042,   -0.036,   -0.033,   -0.031,   -0.028,   -0.024,   -0.021,   -0.017,   -0.013,   -0.010,   -0.007,   -0.002,    0.002,    0.003,    0.005,    0.007,    0.008,    0.008,    0.008,    0.007,    0.008,    0.005,    0.004,    0.002,   -0.001,   -0.003,   -0.008,   -0.010,   -0.012,   -0.016,   -0.019,   -0.022,   -0.023,   -0.025,   -0.026,   -0.026,   -0.026,   -0.026,   -0.026,   -0.024,   -0.022,   -0.019,   -0.015,   -0.012,   -0.008,   -0.004,   -0.001,    0.002,    0.005,    0.007,    0.009,    0.009,    0.011,    0.012,    0.012,    0.014,    0.014,    0.014,    0.014,    0.015,    0.016,    0.016,    0.017,    0.018,    0.019,    0.020,    0.021,    0.021,    0.022,    0.023,    0.024,    0.026,    0.027,    0.028,    0.029,    0.030,    0.031,    0.032,    0.032,    0.033,    0.033,    0.033,    0.034,    0.035,    0.035,    0.036,    0.036,    0.038,    0.039,    0.040,    0.042,    0.042,    0.043,    0.044,    0.044,    0.044,    0.045,    0.045,    0.045,    0.047,    0.048,    0.048,    0.048,    0.049,    0.049,    0.048,    0.048,    0.048,    0.049,    0.049,    0.050,    0.051,    0.052,    0.052,    0.053,    0.054,    0.054,    0.055,    0.055,    0.055,    0.054,    0.054,    0.054,    0.053,    0.049,    0.048,    0.048,    0.048,    0.047,    0.047,    0.046,    0.047,    0.046,    0.045,    0.046,    0.045,    0.044,    0.044, 
FEM_AP,    1.378,    1.750,    1.833,    1.732,    1.730,    1.816,    1.996,    2.105,    2.174,    2.247,    2.348,    2.485,    2.625,    2.742,    2.873,    3.033,    3.191,    3.339,    3.514,    3.697,    3.896,    4.085,    4.294,    4.523,    4.741,    4.986,    5.204,    5.413,    5.646,    5.872,    6.071,    6.276,    6.522,    6.716,    6.891,    7.058,    7.263,    7.461,    7.639,    7.790,    7.955,    8.178,    8.419,    8.613,    8.784,    8.957,    9.098,    9.250,    9.360,    9.475,    9.579,    9.661,    9.718,    9.731,    9.775,    9.808,    9.831,    9.852,    9.864,    9.866,    9.856,    9.842,    9.860,    9.828,    9.783,    9.748,    9.783,    9.797,    9.741,    9.669,    9.690,    9.727,    9.752,    9.701,    9.686,    9.711,    9.737,    9.677,    9.653,    9.648,    9.613,    9.588,    9.585,    9.576,    9.573,    9.556,    9.540,    9.502,    9.511,    9.528,    9.488,    9.438,    9.436,    9.395,    9.359,    9.373,    9.335,    9.254,    9.215,    9.161,    9.095,    9.046,    8.970,    8.921,    8.871,    8.819,    8.765,    8.706,    8.666,    8.605,    8.564,    8.527,    8.491,    8.441,    8.381,    8.333,    8.311,    8.310,    8.314,    8.317,    8.330,    8.362,    8.363,    8.366,    8.377,    8.396,    8.417,    8.440,    8.461,    8.507,    8.580,    8.645,    8.716,    8.778,    8.829,    8.890,    8.946,    8.999,    9.045,    9.141,    9.258, 
TIB_IE,   -0.025,   -0.036,   -0.031,   -0.023,   -0.020,   -0.020,   -0.023,   -0.023,   -0.021,   -0.019,   -0.018,   -0.017,   -0.014,   -0.012,   -0.012,   -0.009,   -0.005,   -0.004,   -0.001,    0.002,    0.006,    0.010,    0.014,    0.016,    0.021,    0.025,    0.028,    0.032,    0.034,    0.037,    0.039,    0.041,    0.041,    0.042,    0.043,    0.043,    0.044,    0.041,    0.041,    0.042,    0.043,    0.041,    0.040,    0.041,    0.040,    0.040,    0.039,    0.040,    0.038,    0.037,    0.035,    0.032,    0.031,    0.030,    0.026,    0.026,    0.025,    0.022,    0.022,    0.021,    0.019,    0.020,    0.019,    0.017,    0.017,    0.017,    0.016,    0.014,    0.013,    0.014,    0.013,    0.012,    0.009,    0.009,    0.008,    0.008,    0.005,    0.005,    0.004,    0.002,    0.003,    0.002,    0.001,   -0.001,   -0.003,   -0.005,   -0.005,   -0.007,   -0.008,   -0.011,   -0.013,   -0.015,   -0.017,   -0.019,   -0.021,   -0.024,   -0.027,   -0.028,   -0.032,   -0.034,   -0.035,   -0.038,   -0.038,   -0.040,   -0.042,   -0.044,   -0.046,   -0.047,   -0.049,   -0.050,   -0.051,   -0.052,   -0.053,   -0.054,   -0.054,   -0.055,   -0.056,   -0.057,   -0.058,   -0.058,   -0.058,   -0.060,   -0.059,   -0.059,   -0.058,   -0.057,   -0.056,   -0.055,   -0.053,   -0.052,   -0.052,   -0.052,   -0.052,   -0.051,   -0.049,   -0.048,   -0.046,   -0.045,   -0.042,   -0.042,   -0.041, 
TIB_VV,   -0.000,    0.001,    0.001,    0.001,    0.002,    0.002,    0.003,    0.003,    0.003,    0.004,    0.004,    0.005,    0.005,    0.005,    0.006,    0.007,    0.007,    0.008,    0.009,    0.010,    0.011,    0.011,    0.012,    0.013,    0.014,    0.015,    0.016,    0.017,    0.018,    0.018,    0.019,    0.020,    0.021,    0.022,    0.022,    0.023,    0.024,    0.025,    0.025,    0.025,    0.026,    0.026,    0.026,    0.026,    0.026,    0.025,    0.025,    0.024,    0.024,    0.023,    0.023,    0.022,    0.022,    0.021,    0.021,    0.021,    0.021,    0.020,    0.020,    0.020,    0.019,    0.019,    0.019,    0.019,    0.018,    0.018,    0.018,    0.018,    0.018,    0.017,    0.017,    0.017,    0.017,    0.017,    0.016,    0.016,    0.016,    0.016,    0.016,    0.016,    0.015,    0.015,    0.015,    0.015,    0.015,    0.014,    0.014,    0.014,    0.014,    0.014,    0.014,    0.014,    0.014,    0.014,    0.014,    0.013,    0.013,    0.013,    0.013,    0.013,    0.013,    0.013,    0.013,    0.013,    0.013,    0.013,    0.013,    0.013,    0.012,    0.012,    0.012,    0.012,    0.012,    0.012,    0.012,    0.012,    0.012,    0.012,    0.012,    0.012,    0.012,    0.012,    0.012,    0.012,    0.012,    0.012,    0.012,    0.012,    0.012,    0.012,    0.012,    0.012,    0.012,    0.012,    0.013,    0.013,    0.013,    0.013,    0.013,    0.013,    0.013, 
TIB_MED_AREA,  236.747,  221.868,  220.841,  232.152,  231.122,  227.094,  227.710,  218.408,  219.616,  224.231,  212.033,  198.347,  200.254,  198.621,  192.271,  203.653,  206.075,  194.453,  198.096,  201.662,  192.315,  203.923,  188.590,  197.954,  195.478,  193.147,  192.022,  201.098,  187.204,  192.147,  207.042,  202.050,  213.078,  204.105,  213.176,  200.685,  211.651,  208.089,  242.056,  240.971,  254.031,  260.204,  261.525,  253.576,  261.078,  263.892,  255.525,  249.369,  238.725,  243.788,  229.777,  221.442,  228.160,  214.626,  211.035,  209.635,  205.187,  201.792,  203.866,  199.043,  198.951,  201.571,  193.343,  203.286,  190.381,  198.821,  204.913,  204.235,  198.313,  197.048,  207.157,  204.571,  200.112,  195.828,  176.924,  197.443,  207.697,  210.255,  210.521,  198.596,  196.843,  190.215,  198.980,  204.529,  198.230,  198.292,  185.705,  189.893,  185.476,  195.129,  198.616,  202.615,  202.834,  192.101,  190.755,  184.113,  192.964,  208.519,  212.025,  216.300,  213.936,  221.577,  222.962,  215.721,  217.869,  226.536,  217.220,  212.425,  206.965,  200.133,  190.280,  199.058,  197.820,  199.886,  206.732,  206.861,  216.099,  213.053,  205.221,  207.393,  205.440,  210.832,  209.351,  211.912,  201.785,  203.567,  204.321,  206.231,  207.888,  209.360,  216.025,  205.234,  200.779,  204.363,  200.402,  209.788,  207.598,  215.702,  208.831,  211.288,  215.288, 
TIB_MED_CoF1,   20.346,   20.457,   20.341,   20.673,   20.564,   20.656,   20.617,   20.638,   20.582,   20.577,   20.609,   20.542,   20.511,   20.633,   20.666,   20.606,   20.618,   20.805,   20.790,   20.924,   21.043,   21.174,   21.287,   21.433,   21.451,   21.638,   21.745,   21.836,   21.968,   21.990,   22.190,   22.264,   22.407,   22.422,   22.488,   22.579,   22.531,   22.457,   22.427,   22.630,   22.332,   22.508,   22.375,   22.430,   22.383,   22.410,   22.322,   22.374,   22.296,   22.358,   22.423,   22.282,   22.168,   22.150,   22.184,   22.134,   22.009,   21.971,   21.883,   21.832,   21.662,   21.612,   21.535,   21.440,   21.579,   21.502,   21.438,   21.347,   21.207,   21.401,   21.291,   21.184,   21.015,   21.106,   21.154,   20.790,   20.751,   20.782,   20.779,   20.731,   20.024,   20.650,   20.697,   20.593,   20.646,   20.629,   20.581,   20.639,   20.380,   20.755,   20.137,   20.342,   20.254,   20.403,   19.926,   19.807,   19.976,   19.859,   20.170,   20.243,   20.125,   19.912,   19.967,   20.227,   20.072,   20.115,   20.002,   19.748,   19.723,   19.846,   20.251,   19.559,   19.267,   19.839,   19.767,   19.720,   19.665,   19.726,   19.942,   19.550,   19.675,   20.009,   19.876,   19.626,   19.711,   19.779,   19.614,   19.821,   19.757,   19.760,   19.790,   20.211,   19.927,   19.576,   19.342,   19.516,   19.805,   19.892,   19.825,   20.132,   20.325, 
TIB_MED_CoF2,    0.940,    0.894,    0.989,    0.897,    0.922,    0.970,    0.991,    1.019,    1.081,    1.113,    1.120,    1.147,    1.213,    1.217,    1.242,    1.238,    1.313,    1.208,    1.252,    1.250,    1.231,    1.243,    1.270,    1.156,    1.230,    1.201,    1.156,    1.200,    1.152,    1.173,    1.105,    1.073,    1.025,    1.031,    1.016,    0.955,    1.004,    0.957,    0.964,    0.811,    0.850,    0.736,    0.687,    0.606,    0.501,    0.408,    0.339,    0.274,    0.193,    0.155,    0.130,    0.118,    0.121,    0.114,    0.095,    0.087,    0.133,    0.118,    0.130,    0.153,    0.144,    0.171,    0.188,    0.193,    0.219,    0.244,    0.200,    0.252,    0.253,    0.225,    0.243,    0.291,    0.307,    0.292,    0.333,    0.367,    0.365,    0.354,    0.350,    0.368,    0.471,    0.353,    0.350,    0.373,    0.350,    0.329,    0.334,    0.314,    0.333,    0.292,    0.348,    0.290,    0.298,    0.265,    0.302,    0.330,    0.254,    0.243,    0.155,    0.101,    0.103,    0.139,    0.110,    0.005,    0.020,   -0.008,    0.010,    0.066,    0.048,   -0.017,   -0.166,    0.055,    0.138,   -0.081,   -0.041,   -0.033,   -0.019,   -0.043,   -0.117,    0.017,   -0.026,   -0.131,   -0.089,   -0.004,   -0.031,   -0.040,    0.017,   -0.047,   -0.019,   -0.010,   -0.004,   -0.112,    0.004,    0.116,    0.207,    0.166,    0.077,    0.122,    0.143,    0.084,    0.078, 
TIB_MED_CoF3,    9.814,    9.857,    9.913,    9.679,    9.624,    9.789,    9.900,    9.968,   10.025,   10.045,   10.052,   10.225,   10.358,   10.311,   10.190,   10.308,   10.378,   10.000,   10.088,    9.969,    9.828,    9.807,    9.690,    9.380,    9.432,    9.207,    8.962,    8.769,    8.547,    8.298,    8.063,    7.767,    7.602,    7.528,    7.345,    7.178,    7.211,    7.123,    7.010,    6.732,    6.540,    6.479,    6.411,    6.168,    5.999,    5.663,    5.458,    5.345,    5.110,    5.025,    5.010,    4.937,    4.974,    4.946,    4.934,    4.910,    5.007,    4.985,    5.069,    5.106,    5.055,    5.176,    5.250,    5.265,    5.383,    5.473,    5.430,    5.552,    5.511,    5.577,    5.717,    5.827,    5.859,    5.905,    6.134,    6.146,    6.132,    6.126,    6.155,    6.226,    6.019,    6.259,    6.347,    6.371,    6.390,    6.389,    6.391,    6.446,    6.354,    6.580,    6.240,    6.286,    6.298,    6.351,    5.994,    6.072,    5.984,    5.801,    5.835,    5.674,    5.520,    5.441,    5.414,    5.225,    5.167,    4.950,    4.894,    4.746,    4.650,    4.319,    4.445,    4.276,    4.071,    4.005,    4.040,    3.943,    3.873,    3.875,    3.936,    3.864,    3.901,    4.106,    4.031,    4.009,    4.075,    4.203,    4.135,    4.270,    4.286,    4.392,    4.510,    4.708,    4.904,    4.753,    4.841,    4.901,    4.965,    5.392,    5.407,    5.652,    5.896, 
TIB_MED_CFN1, -346.678, -302.422, -328.410, -311.478, -316.072, -308.063, -307.839, -294.294, -295.933, -290.318, -292.540, -292.802, -286.387, -280.617, -279.546, -275.637, -280.752, -247.667, -254.313, -254.817, -236.502, -236.898, -232.669, -218.449, -201.543, -190.638, -176.745, -172.905, -160.862, -140.957, -136.927, -138.951, -139.666, -144.978, -142.506, -157.753, -147.569, -156.835, -169.453, -182.838, -190.085, -206.041, -228.844, -234.305, -253.197, -254.804, -259.235, -269.104, -284.832, -283.857, -288.746, -296.431, -289.338, -304.505, -296.133, -297.615, -308.627, -308.618, -316.154, -308.342, -319.725, -333.696, -332.603, -348.308, -350.047, -359.115, -360.165, -366.842, -385.756, -366.199, -368.648, -379.339, -397.656, -382.149, -356.245, -410.047, -398.922, -395.280, -393.356, -382.533, -485.332, -382.470, -377.445, -397.413, -388.061, -386.000, -394.468, -371.058, -403.358, -340.405, -422.859, -384.718, -390.371, -371.494, -418.761, -411.335, -422.796, -416.967, -382.028, -384.720, -378.961, -400.892, -374.746, -375.366, -379.186, -385.016, -403.482, -415.116, -394.182, -407.685, -368.465, -408.541, -436.833, -368.545, -393.987, -392.801, -397.790, -395.168, -380.546, -406.584, -399.645, -365.041, -382.720, -409.968, -392.504, -387.424, -413.485, -388.815, -396.564, -395.954, -401.614, -364.809, -414.216, -443.144, -472.767, -455.961, -453.721, -431.535, -456.673, -401.140, -398.296, 
TIB_MED_CFN2, -2284.741, -2159.443, -2159.857, -2166.199, -2142.359, -2117.514, -2101.546, -2067.512, -2089.758, -2053.802, -2070.067, -2045.109, -2017.592, -2007.397, -2018.508, -1995.647, -1977.542, -1895.206, -1908.067, -1921.559, -1895.307, -1853.584, -1826.469, -1803.605, -1712.509, -1746.531, -1784.786, -1742.022, -1768.134, -1685.755, -1717.889, -1707.399, -1695.499, -1712.493, -1687.785, -1727.369, -1710.575, -1743.448, -1759.412, -1767.622, -1771.481, -1807.590, -1804.068, -1807.619, -1822.687, -1818.695, -1836.154, -1876.117, -1843.057, -1914.633, -1930.107, -1930.570, -1954.154, -1968.695, -1961.164, -2016.756, -2046.564, -2047.320, -2093.083, -2069.000, -2033.866, -2150.453, -2146.479, -2119.287, -2159.732, -2185.783, -2057.458, -2100.145, -2134.402, -2104.754, -2099.943, -2092.412, -2114.811, -2085.488, -2065.719, -2089.875, -2070.094, -2038.620, -2060.906, -1984.900, -2105.452, -1964.521, -1914.605, -1933.948, -1892.324, -1852.318, -1854.911, -1789.254, -1834.444, -1708.714, -1797.961, -1729.768, -1723.016, -1684.944, -1749.631, -1610.622, -1742.768, -1644.175, -1596.077, -1572.424, -1508.027, -1523.622, -1443.753, -1444.854, -1408.106, -1411.398, -1430.380, -1408.995, -1346.996, -1339.891, -1312.800, -1315.670, -1364.776, -1255.867, -1278.452, -1253.450, -1254.851, -1252.899, -1239.734, -1268.765, -1261.878, -1193.954, -1237.341, -1288.693, -1257.094, -1256.149, -1308.833, -1277.834, -1306.478, -1327.590, -1348.444, -1306.539, -1413.506, -1453.169, -1503.175, -1490.520, -1504.924, -1506.929, -1584.688, -1503.397, -1543.102, 
TIB_MED_CFN3,  452.816,  424.368,  433.230,  426.069,  420.983,  421.262,  416.509,  412.104,  423.103,  418.914,  421.523,  408.649,  406.990,  407.491,  417.483,  400.040,  403.050,  381.226,  382.952,  387.128,  380.678,  371.244,  371.557,  353.272,  340.939,  347.517,  349.629,  352.688,  352.587,  344.204,  343.397,  343.787,  336.765,  341.108,  338.157,  339.630,  340.611,  337.385,  346.148,  327.298,  337.991,  324.033,  314.166,  307.141,  290.000,  281.380,  271.003,  267.708,  251.374,  257.310,  260.383,  259.788,  258.355,  265.206,  264.653,  269.519,  286.205,  284.370,  288.737,  293.151,  282.392,  302.208,  302.628,  298.385,  319.800,  325.551,  291.230,  309.218,  309.716,  304.700,  298.513,  306.745,  305.724,  302.057,  308.274,  299.519,  298.438,  293.308,  296.364,  287.565,  288.432,  276.192,  268.871,  272.386,  264.981,  252.316,  252.401,  240.948,  238.542,  232.415,  227.487,  218.564,  215.218,  212.267,  205.776,  183.258,  198.770,  176.452,  175.004,  166.380,  154.687,  150.267,  140.911,  135.779,  122.766,  125.914,  122.079,  112.132,  103.245,   94.439,   86.853,   84.130,   81.181,   76.898,   77.927,   72.159,   69.604,   69.158,   69.477,   69.741,   70.004,   67.804,   70.734,   70.804,   70.345,   75.163,   76.312,   78.560,   83.153,   88.149,   92.344,   98.386,  108.355,  110.366,  109.698,  116.423,  115.747,  137.565,  140.611,  143.354,  156.677, 
TIB_LAT_AREA,  199.628,  185.252,  173.825,  194.423,  200.134,  190.804,  180.041,  181.369,  169.875,  177.939,  186.781,  167.598,  181.986,  183.559,  178.230,  180.479,  182.573,  176.234,  177.823,  183.411,  184.039,  179.629,  181.848,  184.233,  184.089,  196.747,  200.882,  192.888,  209.432,  201.755,  208.948,  205.893,  207.943,  202.297,  219.555,  210.062,  218.284,  197.125,  202.705,  198.263,  210.387,  199.417,  208.862,  199.888,  200.507,  211.988,  213.384,  208.316,  211.252,  199.197,  192.647,  201.627,  200.639,  200.757,  199.923,  192.462,  191.916,  191.665,  190.039,  183.165,  178.266,  178.846,  174.816,  164.704,  160.680,  161.375,  159.189,  158.593,  148.408,  155.863,  158.802,  158.693,  155.047,  156.370,  151.999,  147.704,  145.653,  143.236,  148.601,  150.176,  147.433,  143.054,  145.932,  149.913,  138.631,  142.292,  140.658,  139.436,  139.819,  137.242,  135.820,  130.375,  124.944,  135.119,  129.584,  129.878,  127.573,  127.374,  122.957,  128.666,  116.028,  120.999,  125.087,  125.940,  127.335,  122.353,  125.452,  124.355,  124.493,  121.338,  121.303,  122.367,  128.239,  128.978,  129.820,  131.559,  129.789,  128.983,  130.480,  123.393,  124.167,  134.134,  130.055,  127.624,  124.274,  132.129,  132.367,  131.732,  129.410,  122.424,  122.480,  120.649,  122.782,  123.500,  126.711,  123.794,  125.369,  125.672,  124.818,  121.468,  122.355, 
TIB_LAT_CoF1,  -24.534,  -24.989,  -25.133,  -25.121,  -25.234,  -25.338,  -25.499,  -25.609,  -25.662,  -25.755,  -25.849,  -25.872,  -25.934,  -25.977,  -26.100,  -26.131,  -26.201,  -26.322,  -26.403,  -26.506,  -26.539,  -26.636,  -26.722,  -26.852,  -26.834,  -27.031,  -27.106,  -27.342,  -27.487,  -27.619,  -27.748,  -27.768,  -27.950,  -28.059,  -28.214,  -28.155,  -28.264,  -28.379,  -28.535,  -28.485,  -28.470,  -28.451,  -28.440,  -28.468,  -28.128,  -28.290,  -28.146,  -28.198,  -28.174,  -28.088,  -28.120,  -28.110,  -28.080,  -28.108,  -27.950,  -28.041,  -27.999,  -27.968,  -27.884,  -27.760,  -27.763,  -27.687,  -27.659,  -27.687,  -27.420,  -27.396,  -27.358,  -27.326,  -27.315,  -27.104,  -27.163,  -27.164,  -27.152,  -27.057,  -27.020,  -27.055,  -27.016,  -27.100,  -26.972,  -26.922,  -26.890,  -26.934,  -26.822,  -26.794,  -26.878,  -26.840,  -26.825,  -26.851,  -26.829,  -26.919,  -26.712,  -26.802,  -26.768,  -26.815,  -26.856,  -26.888,  -26.878,  -26.817,  -26.731,  -26.778,  -26.734,  -26.723,  -26.639,  -26.661,  -26.672,  -26.673,  -26.654,  -26.699,  -26.707,  -26.606,  -26.507,  -26.521,  -26.435,  -26.491,  -26.400,  -26.262,  -26.380,  -26.346,  -26.313,  -26.362,  -26.326,  -26.309,  -26.364,  -26.423,  -26.408,  -26.417,  -26.421,  -26.449,  -26.486,  -26.519,  -26.544,  -26.585,  -26.647,  -26.641,  -26.628,  -26.620,  -26.659,  -26.621,  -26.687,  -26.770,  -26.781, 
TIB_LAT_CoF2,   -0.449,   -0.468,   -0.486,   -0.525,   -0.529,   -0.531,   -0.523,   -0.557,   -0.546,   -0.559,   -0.591,   -0.596,   -0.612,   -0.637,   -0.653,   -0.663,   -0.684,   -0.717,   -0.728,   -0.764,   -0.790,   -0.823,   -0.855,   -0.876,   -0.914,   -0.945,   -0.972,   -1.035,   -1.062,   -1.121,   -1.176,   -1.132,   -1.223,   -1.237,   -1.280,   -1.290,   -1.316,   -1.371,   -1.411,   -1.429,   -1.457,   -1.487,   -1.511,   -1.555,   -1.494,   -1.545,   -1.518,   -1.505,   -1.520,   -1.553,   -1.556,   -1.557,   -1.552,   -1.537,   -1.503,   -1.502,   -1.474,   -1.452,   -1.416,   -1.391,   -1.388,   -1.362,   -1.347,   -1.360,   -1.299,   -1.281,   -1.259,   -1.298,   -1.212,   -1.197,   -1.189,   -1.228,   -1.144,   -1.125,   -1.160,   -1.132,   -1.146,   -1.125,   -1.153,   -1.110,   -1.105,   -1.132,   -1.082,   -1.088,   -1.067,   -1.071,   -1.103,   -1.094,   -1.112,   -1.097,   -0.995,   -1.058,   -1.142,   -1.136,   -1.151,   -1.181,   -1.153,   -1.133,   -1.131,   -1.171,   -1.136,   -1.141,   -1.117,   -1.090,   -1.122,   -1.163,   -1.159,   -1.211,   -1.231,   -1.220,   -1.216,   -1.180,   -1.166,   -1.122,   -1.101,   -1.089,   -1.112,   -1.106,   -1.093,   -1.089,   -1.093,   -1.087,   -1.109,   -1.119,   -1.120,   -1.135,   -1.140,   -1.132,   -1.149,   -1.175,   -1.220,   -1.240,   -1.250,   -1.240,   -1.239,   -1.195,   -1.233,   -1.217,   -1.238,   -1.264,   -1.299, 
TIB_LAT_CoF3,    1.863,    1.747,    1.559,    1.319,    1.252,    1.196,    1.224,    1.102,    1.170,    1.137,    1.176,    1.194,    1.217,    1.186,    1.208,    1.325,    1.298,    1.307,    1.374,    1.383,    1.498,    1.489,    1.729,    1.860,    1.983,    2.073,    2.288,    2.367,    2.483,    2.695,    2.747,    3.235,    3.029,    3.102,    3.305,    3.387,    3.392,    3.417,    3.639,    3.588,    3.543,    3.719,    3.884,    4.019,    4.369,    4.312,    4.426,    4.601,    4.654,    4.777,    4.719,    4.839,    4.920,    4.760,    4.764,    4.644,    4.582,    4.671,    4.629,    4.663,    4.571,    4.573,    4.642,    4.635,    4.647,    4.669,    4.794,    4.959,    4.974,    4.894,    5.000,    5.125,    5.289,    5.300,    5.282,    5.485,    5.525,    5.576,    5.582,    5.685,    5.693,    5.818,    5.837,    5.859,    5.952,    5.989,    6.088,    6.149,    6.159,    6.330,    6.179,    6.281,    6.349,    6.409,    6.451,    6.595,    6.507,    6.472,    6.560,    6.498,    6.415,    6.405,    6.411,    6.329,    6.368,    6.332,    6.373,    6.318,    6.361,    6.238,    6.165,    6.174,    6.137,    6.072,    6.006,    5.921,    5.928,    5.885,    6.010,    5.867,    5.952,    5.935,    5.968,    5.975,    6.001,    6.003,    5.975,    6.056,    6.101,    6.083,    6.201,    6.201,    6.283,    6.340,    6.412,    6.445,    6.478,    6.520,    6.533,    6.613,    6.674, 
TIB_LAT_CFN1,   53.738,   36.874,   41.057,   47.325,   44.238,   41.176,   38.547,   41.267,   38.622,   40.678,   42.137,   43.351,   45.643,   48.446,   47.776,   48.926,   50.711,   51.175,   52.814,   53.730,   59.130,   60.564,   64.980,   66.257,   74.406,   71.456,   78.779,   84.023,   89.664,   95.568,  103.862,   93.135,  104.424,  104.834,  108.513,  113.969,  113.362,  117.378,  125.972,  129.652,  130.716,  130.943,  143.443,  154.228,  142.376,  159.002,  161.020,  160.140,  164.001,  168.135,  168.884,  167.843,  169.125,  165.681,  162.987,  158.673,  156.869,  152.358,  148.940,  140.601,  144.075,  143.370,  136.321,  143.421,  138.040,  136.518,  126.778,  141.875,  128.865,  129.249,  120.917,  132.718,  117.947,  111.932,  110.949,  112.708,  114.289,  107.827,  105.438,  101.761,  103.864,  102.176,   96.712,   90.213,   86.426,   85.372,   91.012,   84.642,   82.514,   83.192,   76.265,   74.187,   84.798,   78.179,   77.155,   76.847,   70.127,   68.159,   65.877,   62.234,   59.504,   55.208,   52.540,   51.302,   51.529,   54.911,   56.118,   58.724,   54.460,   51.660,   51.179,   45.989,   48.578,   42.676,   45.644,   46.867,   44.444,   42.368,   42.925,   40.742,   41.199,   40.103,   37.737,   38.138,   40.618,   42.051,   41.377,   43.810,   45.542,   45.314,   47.382,   48.555,   49.838,   48.719,   50.367,   53.941,   56.237,   57.710,   58.402,   56.407,   59.048, 
TIB_LAT_CFN2, -1482.610, -1223.438, -1299.783, -1310.572, -1285.786, -1252.013, -1247.267, -1264.219, -1265.604, -1264.886, -1253.958, -1245.509, -1263.185, -1265.776, -1246.827, -1262.752, -1282.828, -1282.722, -1279.839, -1279.874, -1307.572, -1321.213, -1312.137, -1339.621, -1379.024, -1318.953, -1343.802, -1325.410, -1349.926, -1370.701, -1382.929, -1422.012, -1387.142, -1383.061, -1373.505, -1433.353, -1439.616, -1451.278, -1449.818, -1476.241, -1469.345, -1453.129, -1459.621, -1487.599, -1423.612, -1537.010, -1530.484, -1547.289, -1525.258, -1548.887, -1563.643, -1573.276, -1564.551, -1584.292, -1588.248, -1564.469, -1590.329, -1560.033, -1584.292, -1538.222, -1554.419, -1569.442, -1577.208, -1566.569, -1577.838, -1604.103, -1595.409, -1584.504, -1562.256, -1656.082, -1613.740, -1607.529, -1605.660, -1638.517, -1618.080, -1590.721, -1602.744, -1585.171, -1602.494, -1572.796, -1589.265, -1539.031, -1532.973, -1544.032, -1576.427, -1506.181, -1534.138, -1472.457, -1430.034, -1405.519, -1408.878, -1395.139, -1414.149, -1363.258, -1345.312, -1320.673, -1350.224, -1332.713, -1326.386, -1252.338, -1253.839, -1217.325, -1197.673, -1204.917, -1169.375, -1160.186, -1139.481, -1174.979, -1107.301, -1113.237, -1098.316, -1070.964, -1033.030, -1025.997, -1065.587, -1068.474, -1017.970, -1009.105, -991.724, -1025.990, -1019.392, -1024.362, -987.782, -1032.901, -1018.532, -1024.987, -1015.208, -1057.086, -1066.980, -1094.298, -1090.245, -1123.478, -1144.996, -1145.533, -1163.519, -1175.270, -1197.959, -1244.788, -1251.187, -1266.092, -1275.710, 
TIB_LAT_CFN3,  104.756,   88.620,   98.561,  102.428,  105.010,  106.324,  110.061,  109.779,  113.503,  116.823,  110.294,  113.258,  115.039,  116.500,  116.972,  118.132,  122.733,  121.558,  126.464,  124.902,  128.409,  131.109,  127.493,  130.886,  133.299,  126.877,  132.097,  128.316,  134.365,  125.114,  126.300,  120.140,  120.955,  123.974,  118.538,  123.469,  120.614,  115.354,  115.464,  116.807,  112.585,  100.820,  104.331,   99.535,   88.946,   89.706,   91.761,   87.694,   84.254,   70.717,   68.543,   61.703,   60.003,   59.096,   59.163,   57.765,   59.185,   58.638,   59.793,   55.838,   58.523,   59.789,   54.776,   57.379,   60.432,   61.300,   55.727,   54.257,   64.377,   62.274,   57.867,   54.307,   61.349,   58.803,   48.398,   53.366,   49.317,   50.762,   40.097,   45.002,   44.994,   37.644,   42.285,   36.598,   38.069,   35.982,   31.142,   29.866,   25.213,   27.471,   39.183,   27.983,   18.495,   16.991,   14.526,    9.728,    9.498,   11.137,    9.784,    3.879,    6.909,    4.596,    6.017,    8.843,    4.878,    1.280,    2.356,   -3.563,   -6.387,   -7.424,   -7.724,   -4.979,   -1.905,    0.743,    3.194,    4.437,    2.195,    1.980,    3.803,    3.004,    2.790,    2.902,    0.230,   -1.333,   -0.051,   -1.227,   -1.822,   -0.608,   -1.862,   -5.269,   -9.190,  -11.550,  -12.515,  -11.507,  -11.000,   -3.920,   -7.876,   -6.627,   -8.814,  -12.677,  -16.181, 
PAT_AREA,   52.693,   64.173,   60.835,   60.907,   62.147,   66.244,   71.544,   75.306,   73.866,   74.668,   78.444,   86.421,   83.727,   79.533,   90.985,   96.245,  103.700,  100.919,  105.056,  107.932,  107.647,  101.039,  108.632,  113.905,  102.024,  121.231,  121.696,  132.491,  144.176,  146.399,  144.641,  147.423,  153.421,  152.745,  155.379,  153.511,  161.846,  175.597,  189.138,  194.636,  206.103,  206.137,  207.981,  213.408,  225.886,  226.067,  229.319,  243.261,  253.087,  259.450,  274.099,  263.571,  274.668,  281.546,  289.320,  303.459,  307.295,  306.056,  313.644,  317.798,  320.299,  319.785,  328.412,  331.790,  331.408,  326.629,  331.499,  341.032,  339.685,  337.534,  337.671,  341.142,  338.662,  345.087,  344.324,  346.794,  343.647,  351.706,  341.585,  341.010,  335.366,  343.523,  335.059,  328.754,  331.460,  342.365,  334.423,  335.081,  332.024,  343.992,  337.232,  330.632,  339.399,  331.427,  337.181,  334.366,  329.048,  328.937,  332.283,  331.976,  336.360,  332.341,  328.519,  326.303,  320.504,  318.670,  320.531,  319.204,  318.678,  311.307,  315.258,  315.997,  316.599,  319.515,  315.526,  318.249,  315.647,  310.165,  317.644,  313.768,  312.817,  311.659,  315.117,  312.034,  315.306,  320.873,  322.625,  322.363,  321.499,  328.448,  321.374,  320.205,  311.940,  326.342,  319.444,  327.454,  329.450,  331.294,  328.860,  324.467,  337.346, 
PAT_CoF1,   -9.770,   -9.881,   -9.768,   -9.594,   -9.689,   -9.418,   -9.296,   -9.405,   -9.267,   -9.293,   -9.223,   -9.049,   -8.906,   -8.811,   -8.802,   -8.704,   -8.769,   -9.181,   -9.137,   -9.302,   -9.387,  -10.150,   -8.733,   -8.617,   -8.450,   -7.886,   -7.832,   -7.726,   -7.698,   -7.440,   -7.189,   -7.408,   -6.995,   -6.687,   -6.842,   -6.568,   -7.133,   -6.641,   -7.067,   -6.797,   -6.796,   -6.627,   -6.843,   -6.668,   -6.601,   -6.548,   -6.665,   -6.513,   -6.721,   -6.617,   -6.771,   -6.940,   -6.699,   -6.736,   -6.703,   -6.649,   -6.643,   -6.448,   -6.586,   -6.553,   -6.597,   -6.465,   -6.263,   -6.436,   -6.490,   -6.333,   -6.289,   -6.230,   -6.443,   -6.166,   -6.140,   -6.152,   -6.074,   -6.025,   -6.147,   -6.043,   -6.064,   -6.117,   -5.851,   -6.010,   -5.918,   -6.023,   -5.918,   -6.042,   -5.979,   -6.006,   -6.075,   -5.989,   -5.840,   -6.145,   -5.953,   -5.937,   -5.995,   -5.680,   -5.783,   -5.695,   -5.735,   -5.876,   -5.833,   -5.741,   -5.880,   -5.716,   -5.792,   -5.549,   -5.624,   -5.691,   -5.674,   -5.777,   -5.719,   -5.734,   -5.852,   -5.753,   -5.701,   -5.663,   -5.642,   -5.639,   -5.544,   -5.563,   -5.437,   -5.310,   -5.219,   -5.535,   -5.405,   -5.523,   -5.470,   -5.429,   -5.452,   -5.852,   -5.816,   -5.801,   -5.828,   -5.812,   -6.227,   -5.764,   -5.701,   -5.807,   -5.658,   -5.596,   -5.609,   -5.644,   -5.677, 
PAT_CoF2,   30.592,   30.451,   30.548,   30.624,   30.736,   30.651,   30.664,   30.644,   30.674,   30.722,   30.667,   30.701,   30.738,   30.694,   30.796,   30.860,   30.964,   31.104,   31.247,   31.460,   31.521,   32.013,   31.566,   31.787,   31.980,   31.888,   32.191,   32.417,   32.645,   32.892,   33.116,   33.460,   33.654,   33.775,   34.141,   34.389,   34.636,   34.777,   35.132,   35.269,   35.498,   35.635,   35.833,   35.998,   36.213,   36.363,   36.435,   36.623,   36.835,   37.004,   37.130,   37.272,   37.441,   37.616,   37.688,   37.856,   37.972,   37.941,   38.187,   38.253,   38.383,   38.465,   38.532,   38.605,   38.665,   38.744,   38.784,   38.857,   38.884,   38.918,   38.941,   38.923,   38.953,   39.070,   39.015,   39.033,   39.033,   39.042,   39.131,   39.097,   39.076,   39.069,   39.165,   39.084,   39.078,   39.055,   39.099,   39.088,   39.073,   39.012,   39.034,   39.035,   38.976,   39.041,   38.979,   38.910,   38.937,   38.916,   38.878,   38.877,   38.886,   38.915,   38.842,   38.811,   38.829,   38.751,   38.809,   38.717,   38.821,   38.790,   38.702,   38.715,   38.696,   38.674,   38.640,   38.617,   38.655,   38.628,   38.632,   38.671,   38.676,   38.639,   38.671,   38.674,   38.713,   38.757,   38.797,   38.768,   38.852,   38.853,   38.846,   38.865,   38.601,   38.831,   38.801,   38.845,   38.958,   39.032,   39.029,   38.977,   38.987, 
PAT_CoF3,   42.342,   42.714,   42.574,   42.163,   42.025,   41.877,   41.940,   41.890,   41.822,   41.799,   41.795,   41.614,   41.569,   41.365,   41.264,   41.168,   41.193,   41.258,   41.186,   41.167,   41.125,   41.684,   40.375,   40.300,   39.882,   39.573,   39.366,   39.195,   39.035,   38.769,   38.467,   38.275,   37.986,   37.664,   37.446,   37.090,   37.003,   36.564,   36.402,   36.012,   35.732,   35.466,   35.314,   35.019,   34.725,   34.446,   34.185,   33.884,   33.626,   33.318,   33.068,   32.799,   32.443,   32.104,   31.804,   31.487,   31.181,   30.861,   30.578,   30.284,   29.989,   29.681,   29.393,   29.126,   28.859,   28.555,   28.353,   28.130,   27.903,   27.579,   27.398,   27.252,   27.077,   26.824,   26.672,   26.518,   26.389,   26.186,   25.959,   25.837,   25.663,   25.507,   25.347,   25.249,   25.110,   24.979,   24.842,   24.678,   24.555,   24.513,   24.323,   24.167,   24.073,   23.863,   23.755,   23.660,   23.512,   23.348,   23.227,   23.072,   22.933,   22.748,   22.615,   22.462,   22.333,   22.234,   22.094,   22.011,   21.848,   21.733,   21.688,   21.575,   21.494,   21.410,   21.324,   21.263,   21.200,   21.185,   21.156,   21.123,   21.133,   21.212,   21.193,   21.219,   21.235,   21.265,   21.311,   21.425,   21.467,   21.554,   21.672,   21.783,   22.047,   22.051,   22.185,   22.327,   22.416,   22.519,   22.647,   22.840,   23.052, 
PAT_CFN1,  227.101,  215.265,  208.921,  259.198,  227.315,  249.277,  242.038,  249.660,  263.809,  266.138,  273.594,  271.949,  285.495,  286.599,  295.015,  295.388,  303.837,  301.478,  307.451,  301.057,  312.915,  319.839,  273.701,  282.846,  239.159,  238.338,  263.731,  265.297,  266.094,  269.638,  250.220,  278.071,  254.283,  250.496,  261.130,  263.541,  294.109,  275.018,  298.053,  287.603,  287.757,  281.663,  288.367,  285.159,  287.094,  290.747,  285.027,  270.885,  301.474,  288.692,  316.214,  344.286,  329.188,  335.535,  356.927,  367.976,  360.950,  356.202,  374.593,  391.894,  398.801,  407.761,  375.396,  412.172,  440.713,  431.388,  446.194,  424.364,  505.164,  458.266,  440.122,  438.926,  442.362,  446.966,  471.690,  459.473,  467.637,  487.013,  445.279,  478.415,  467.795,  485.020,  455.103,  487.034,  489.548,  477.492,  503.906,  480.876,  450.510,  511.748,  479.515,  462.282,  475.186,  416.867,  422.357,  409.072,  421.541,  434.775,  419.774,  409.390,  427.418,  399.662,  401.703,  365.647,  371.667,  375.282,  379.054,  406.383,  367.229,  370.270,  409.666,  369.819,  357.388,  352.982,  357.287,  353.151,  340.418,  352.107,  317.627,  300.791,  285.690,  348.017,  321.840,  354.973,  345.588,  340.437,  348.167,  398.117,  406.162,  396.763,  393.929,  397.580,  491.059,  392.211,  427.920,  429.876,  407.342,  414.125,  413.616,  417.190,  432.651, 
PAT_CFN2,  124.929,  116.842,  110.062,  133.440,  116.149,  125.759,  123.581,  123.713,  129.615,  130.866,  134.143,  127.584,  135.973,  130.287,  128.142,  133.907,  142.542,  140.365,  144.069,  148.892,  144.442,  150.007,  146.661,  159.959,  145.183,  143.255,  146.517,  143.477,  144.647,  138.155,  131.647,  122.039,  116.764,  105.818,   97.538,   92.864,   84.400,   78.283,   68.061,   58.526,   50.494,   43.446,   37.097,   35.664,   27.964,   23.728,   12.173,   20.032,   21.072,   22.845,   30.262,   35.931,   45.207,   58.144,   62.151,   87.712,   92.895,   98.572,  124.502,  140.271,  163.572,  179.610,  202.533,  226.138,  235.562,  265.515,  288.080,  302.550,  329.979,  344.618,  360.883,  372.408,  397.980,  432.848,  427.671,  449.174,  464.386,  473.373,  505.109,  509.722,  524.031,  539.412,  543.214,  538.389,  554.356,  547.169,  563.685,  565.854,  571.576,  561.490,  572.728,  568.943,  573.122,  584.781,  568.347,  584.112,  589.050,  583.807,  573.737,  576.798,  576.315,  597.005,  571.264,  592.028,  578.125,  577.404,  567.489,  553.211,  596.824,  596.195,  573.560,  569.359,  561.171,  551.696,  551.478,  529.371,  536.836,  530.010,  536.234,  554.013,  556.386,  530.861,  546.403,  542.621,  558.319,  566.456,  569.599,  575.156,  578.485,  588.880,  581.545,  597.176,  564.629,  592.649,  586.308,  579.568,  611.290,  623.418,  624.965,  628.718,  623.990, 
PAT_CFN3,  425.419,  403.118,  386.024,  477.958,  423.573,  465.045,  452.246,  474.080,  494.605,  500.034,  511.087,  511.814,  540.896,  551.895,  565.714,  583.604,  610.360,  619.873,  638.504,  651.794,  678.538,  648.049,  731.496,  779.328,  772.481,  823.835,  926.458,  949.015,  994.861, 1041.621, 1049.639, 1163.472, 1167.243, 1225.105, 1262.839, 1335.992, 1388.671, 1540.155, 1543.789, 1639.330, 1671.377, 1754.242, 1752.678, 1872.433, 1992.591, 2137.906, 2107.759, 2192.476, 2302.539, 2381.050, 2441.307, 2576.170, 2634.938, 2656.202, 2770.353, 2871.450, 2872.890, 3029.837, 3079.873, 3191.495, 3185.612, 3338.267, 3476.647, 3444.704, 3488.994, 3622.692, 3664.425, 3710.062, 3767.593, 3813.774, 3875.133, 3898.112, 3960.852, 4112.181, 4006.680, 4097.726, 4142.626, 4117.934, 4232.493, 4176.497, 4272.960, 4259.272, 4190.274, 4177.240, 4253.058, 4146.315, 4154.392, 4161.877, 4169.060, 4068.267, 4096.088, 4045.463, 4072.821, 4041.284, 3959.582, 4018.761, 3984.057, 3852.031, 3849.056, 3857.018, 3799.335, 3799.927, 3638.947, 3788.722, 3650.408, 3675.361, 3556.557, 3531.386, 3637.987, 3584.785, 3498.818, 3415.393, 3377.705, 3338.156, 3352.511, 3269.036, 3301.340, 3248.647, 3264.683, 3318.696, 3359.315, 3246.638, 3326.757, 3295.482, 3387.964, 3420.299, 3435.222, 3491.499, 3496.988, 3560.355, 3503.156, 3599.424, 3579.624, 3692.713, 3751.206, 3703.883, 3878.680, 3939.676, 3937.022, 3991.306, 4017.542, 
